name,RA,e_RA,DEC,e_DEC,gl,gb,DM_obs,e_DM_obs,DM_MW_NE2001,DM_MW_YMW16,redshift
FRB20180725A,93.42,0.039,67.07,0.21,147.29,21.29,715.8093,0.0041,644.2,635.4,0.3786556360215755
FRB20180727A,197.72,0.13,26.42,0.26,24.76,85.6,642.134,0.015,620.9,622.4,0.48965335248794356
FRB20180729A,199.4,0.12,55.58,0.084,115.26,61.16,109.59418,0.00031,78.8,86.8,0.46508326320103677
FRB20180729B,89.93,0.27,56.5,0.24,156.9,15.68,317.2235,0.0045,223.2,198.8,0.3914789465112551
FRB20180730A,57.39,0.032,87.19,0.2,125.11,25.11,848.9041,0.0018,789.7,790.5,0.3479521883085629
FRB20180801A,322.53,0.059,72.72,0.22,109.21,15.46,655.728,0.016,565.6,547.7,0.5952487136195264
FRB20180806A,228.56,0.071,75.62,0.39,112.27,38.4,739.9482,0.008,699.3,706.0,0.20486145218161048
FRB20180810A,101.47,0.13,34.86,0.24,180.67,14.06,414.8804,0.004,310.2,274.7,0.19842870655651565
FRB20180810B,180.41,0.016,83.14,0.16,124.71,33.82,169.1385,0.0017,123.3,129.6,0.1846107164425631
FRB20180812A,19.33,0.27,80.78,0.28,124.02,17.96,802.451,0.035,722.1,708.4,0.25462129095757213
FRB20180814B,238.26,0.042,74.02,0.38,108.6,37.62,238.3474,0.0033,197.2,203.8,0.5243684827163617
FRB20180814A,65.54,0.19,73.63,0.27,136.46,16.58,189.286,0.076,101.5,80.9,0.37662516610421326
FRB20180817A,233.2,0.052,42.2,0.16,68.3,53.98,1006.7714,0.0085,979.1,982.0,0.30931677023017284
FRB20180904A,286.58,0.17,81.22,0.12,113.16,26.22,361.13741,0.00079,305.7,308.4,0.5680350943378589
FRB20180906A,141.48,0.25,14.29,0.3,217.17,40.61,383.456,0.012,340.0,346.5,0.07398228661202044
FRB20180906B,185.75,0.23,56.42,0.24,130.87,60.27,3038.058,0.019,3006.7,3015.4,0.5723903858583849
FRB20180907D,328.95,0.29,89.22,0.31,122.33,26.57,1447.098,0.013,1391.1,1393.4,0.34063350456563074
FRB20180907A,320.87,0.23,29.46,0.22,77.77,-14.65,877.24,0.011,785.2,801.8,0.12640238682806548
FRB20180907B,4.49,0.22,19.17,0.24,112.1,-43.0,658.1899,0.0052,620.1,628.3,0.4721529371692582
FRB20180907C,41.72,0.23,77.07,0.26,129.37,15.66,638.1999,0.003,546.8,522.9,0.14771802056463193
FRB20180907E,167.88,0.24,47.09,0.23,160.75,62.04,383.36,0.14,352.9,363.3,0.8313369485675425
FRB20180908B,188.22,0.28,74.19,0.31,124.66,42.88,195.2393,0.0064,157.0,164.6,0.15412946770631342
FRB20180909A,123.63,0.25,56.76,0.24,160.94,33.67,408.647,0.08,358.8,364.5,0.3250324813090731
FRB20180910A,352.77,0.18,88.21,0.21,122.25,25.45,684.4081,0.0012,626.3,627.7,0.8996892455549143
FRB20180911C,65.54,0.19,73.63,0.27,136.46,16.58,189.84,0.18,102.0,81.5,0.2124407737351351
FRB20180911A,99.55,0.2,84.62,0.07,128.95,26.69,221.254,0.012,164.7,166.7,0.563131062211633
FRB20180915A,280.55,0.23,17.91,0.25,48.01,10.04,371.029,0.01,199.1,224.9,0.30062915256496225
FRB20180915B,225.23,0.25,25.02,0.23,36.17,60.93,177.127,0.02,154.7,154.1,0.7093783093676239
FRB20180916A,348.97,0.18,80.33,0.061,118.82,18.23,296.0275,0.0017,217.6,206.0,0.5019642366585216
FRB20180916B,29.5031258,6.0e-7,65.7167542,6.0e-7,129.71,3.73,349.3491,0.0058,150.4,24.5,0.8691314803913666
FRB20180916C,107.15,0.23,45.08,0.24,172.21,21.71,2252.873,0.036,2179.0,2166.8,0.6068258135731366
FRB20180917B,238.8,0.19,77.53,0.1,111.96,35.37,857.038,0.027,813.9,820.1,0.38244269292690813
FRB20180917A,65.54,0.19,73.63,0.27,136.46,16.58,189.917,0.018,102.1,81.5,0.11647684793899729
FRB20180918A,301.27,0.22,64.96,0.2,98.09,17.11,1453.9882,0.0061,1374.0,1367.9,0.32198246908719197
FRB20180919B,5.34,0.19,5.94,0.087,109.42,-56.14,560.2214,0.0073,527.4,536.0,0.7487975216580385
FRB20180919A,65.54,0.19,73.63,0.27,136.46,16.58,188.85,0.26,101.0,80.5,0.3877243838140116
FRB20180920A,78.89,0.21,28.29,0.23,176.92,-5.87,555.66,0.17,394.9,324.9,0.3484392861263789
FRB20180920B,191.09,0.23,63.52,0.24,124.26,53.59,463.4,0.26,430.2,438.3,0.3324824916008189
FRB20180921A,28.92,0.22,5.05,0.32,151.09,-54.27,394.372,0.021,359.2,368.4,1.1164728013771248
FRB20180922A,342.29,0.2,69.67,0.059,112.62,9.29,555.687,0.013,414.4,341.5,0.44085364141480976
FRB20180923A,327.61,0.038,71.92,0.2,109.81,13.83,219.4397,0.0056,119.4,92.2,0.6081166243695366
FRB20180923D,169.08,0.02,48.75,0.07,156.94,61.62,329.3996,0.002,298.7,308.7,0.7246716800301738
FRB20180923C,239.14,0.038,22.85,0.21,37.67,48.06,173.9839,0.0069,144.9,146.5,0.48260948211224974
FRB20180924A,35.46,0.19,37.52,0.19,142.12,-21.96,1116.5456,0.0034,1047.3,1049.0,0.2700447019393657
FRB20180925A,74.93,0.22,77.99,0.26,134.29,21.05,237.742,0.046,167.1,159.0,0.41453473312119427
FRB20180925B,145.45,0.21,20.99,0.089,210.38,46.52,667.866,0.012,628.2,637.4,0.18076443035266654
FRB20180928A,312.95,0.04,30.85,0.053,74.23,-8.58,252.7681,0.005,94.7,135.9,0.8867689969737331
FRB20181012B,206.33,0.21,64.15,0.065,113.44,51.97,715.189,0.039,681.7,689.4,0.9055633046332934
FRB20181013A,262.83,0.18,38.41,0.18,63.25,31.48,309.3055,0.0022,261.2,270.7,0.26814638536873603
FRB20181013E,307.28,0.23,69.02,0.25,102.99,17.1,345.297,0.019,264.5,256.0,0.24338508652260754
FRB20181013B,97.18,0.23,52.04,0.22,162.93,17.78,277.507,0.066,191.7,173.0,0.17768915594237233
FRB20181013C,146.07,0.23,34.1,0.23,191.21,49.48,1005.766,0.014,967.2,980.1,0.11686517600845406
FRB20181014A,46.01,0.22,63.33,0.2,137.18,4.19,1314.8896,0.0079,1128.2,1014.9,0.8814123668428292
FRB20181014B,78.56,0.11,14.66,0.2,188.17,-13.82,887.972,0.0069,785.4,737.4,0.40576173589820796
FRB20181014C,117.87,0.22,41.59,0.23,178.11,28.36,752.1671,0.0091,692.3,689.1,0.281706333513549
FRB20181014D,216.04,0.21,-2.93,0.35,343.2,52.54,377.132,0.011,347.1,350.6,0.1310854302564415
FRB20181015A,175.76,0.22,83.58,0.27,125.18,33.25,568.8231,0.0056,522.3,528.4,0.09574812170665649
FRB20181017B,237.76,0.23,78.5,0.25,113.05,34.93,307.369,0.034,263.7,269.9,0.454145134148486
FRB20181017A,256.33,0.21,68.28,0.22,99.15,34.8,1281.875,0.047,1239.0,1244.9,0.8709832501403636
FRB20181018B,336.82,0.16,71.91,0.17,112.16,12.12,293.867,0.00093,180.7,139.6,0.36705744407608254
FRB20181018A,17.03,0.22,51.55,0.23,125.57,-11.24,1129.449,0.094,1008.5,999.7,0.3599622644046495
FRB20181018C,67.15,0.17,37.57,0.17,163.43,-7.68,411.1927,0.0023,265.0,220.7,0.33625605413190685
FRB20181019A,29.5031258,6.0e-7,65.7167542,6.0e-7,129.71,3.73,348.778,0.069,149.8,23.9,0.32893825883275957
FRB20181019B,37.87,0.22,68.18,0.24,132.04,7.1,725.184,0.015,565.4,473.2,0.060163587977313394
FRB20181019C,244.7,0.25,66.27,0.24,98.65,39.7,501.6356,0.0036,462.4,469.1,0.21992049946814665
FRB20181020A,322.62,0.22,78.83,0.25,113.83,19.7,1112.473,0.034,1040.3,1033.3,0.5737495434540941
FRB20181022C,141.56,0.21,83.81,0.3,128.56,30.89,528.473,0.016,478.6,483.8,0.5542478685905218
FRB20181022D,179.18,0.16,36.53,0.16,170.49,75.08,514.33426,0.00093,494.2,496.7,0.23844222436949306
FRB20181022E,221.18,0.21,27.13,0.22,39.5,64.85,285.986,0.014,264.2,263.9,0.146224427608229
FRB20181025A,105.78,0.2,64.25,0.2,151.66,25.49,592.5644,0.0044,530.9,529.5,0.46333533196057586
FRB20181027A,131.9,0.22,-4.24,0.34,231.12,23.4,727.744,0.0064,663.7,670.0,0.40116524562308753
FRB20181028A,65.54,0.19,73.63,0.27,136.46,16.58,189.1063,0.006,101.3,80.7,0.20616870330735437
FRB20181030C,309.83,0.22,3.99,0.3,49.72,-21.77,668.7601,0.0064,595.7,610.0,0.7969340646181482
FRB20181030A,158.35,0.18,73.79,0.31,134.84,39.98,103.396,0.0058,62.3,70.3,0.5331774653741038
FRB20181030B,158.35,0.18,73.79,0.31,134.84,39.98,103.6425,0.0047,62.5,70.5,0.11637006832920119
FRB20181030D,81.79,0.18,16.07,0.21,188.68,-10.44,289.4422,0.003,165.9,103.1,0.5318057107214915
FRB20181030E,135.67,0.012,8.89,0.19,220.25,33.16,159.6902,0.0041,109.8,113.7,0.39402723710186915
FRB20181101A,21.26,0.011,53.88,0.16,127.93,-8.67,1472.678,0.06,1327.8,1311.1,0.24802063414656422
FRB20181102A,87.22,0.22,15.63,0.27,191.81,-6.21,414.4649,0.0092,258.8,168.0,0.24139950990777018
FRB20181104A,29.5031258,6.0e-7,65.7167542,6.0e-7,129.71,3.73,349.4388,0.009,150.5,24.6,0.30729380937171596
FRB20181104B,29.5031258,6.0e-7,65.7167542,6.0e-7,129.71,3.73,350.14,0.23,151.2,25.3,0.3586044343769746
FRB20181104C,77.05,0.14,17.44,0.15,184.96,-13.47,580.81762,0.00051,475.5,429.7,0.2129117058232865
FRB20181115A,142.98,0.039,56.4,0.18,159.11,44.2,981.613,0.016,941.6,951.8,0.40308539053342496
FRB20181116A,36.05,0.043,4.52,0.23,161.75,-51.22,355.433,0.0018,318.3,326.4,0.40357680251531947
FRB20181116B,232.66,0.2,64.94,0.056,100.53,44.64,409.876,0.018,373.5,380.6,0.47622141448896194
FRB20181117C,53.21,0.17,25.73,0.18,162.76,-24.4,1773.7387,0.0011,1707.6,1705.2,0.3177640855441888
FRB20181117A,147.73,0.22,52.51,0.22,163.13,48.07,959.28,0.016,921.2,932.6,0.6812688060224787
FRB20181117B,81.09,0.19,79.99,0.099,133.04,23.06,538.2,0.0081,473.2,470.1,0.3147457110724292
FRB20181118A,20.65,0.23,-6.41,0.4,144.0,-68.0,557.4068,0.0083,525.9,536.0,0.4201747605257437
FRB20181118B,58.28,0.19,10.79,0.26,178.42,-31.89,422.2771,0.0089,369.2,364.5,0.14914490400984043
FRB20181118C,65.54,0.19,73.63,0.27,136.46,16.58,190.167,0.037,102.4,81.8,0.06073263264338518
FRB20181119B,299.38,0.15,31.12,0.13,67.76,1.09,609.1008,0.0052,166.8,108.3,0.3186471180662756
FRB20181119E,16.36,0.22,60.53,0.23,124.65,-2.29,1169.768,0.017,949.5,893.6,0.47599650976721375
FRB20181119D,82.994575,4.0e-7,33.147941,4.0e-6,174.88,-0.22,564.367,0.043,375.9,277.3,0.9619832352109496
FRB20181119A,190.53,0.13,65.13,0.23,124.52,51.97,364.09,0.11,330.3,338.4,0.5675256513498355
FRB20181119C,190.1,0.17,82.16,0.21,123.39,34.96,284.9594,0.0025,240.3,247.0,0.837705303309126
FRB20181120B,29.5031258,6.0e-7,65.7167542,6.0e-7,129.71,3.73,349.736,0.048,150.8,24.9,0.24136785811231595
FRB20181120C,65.54,0.19,73.63,0.27,136.46,16.58,191.7,0.28,103.9,83.3,0.09786916155167705
FRB20181122A,60.04,0.22,55.48,0.22,147.51,1.89,662.821,0.015,466.7,364.1,0.579525426950101
FRB20181122B,281.08,0.16,85.02,0.088,117.34,27.17,225.75547,0.00071,171.4,174.7,0.36595154203541264
FRB20181123A,300.76,0.023,55.87,0.18,89.71,12.94,798.718,0.018,694.9,680.8,0.10492587103117754
FRB20181124B,318.56,0.17,29.88,0.18,76.68,-12.89,801.6446,0.0039,696.7,717.8,0.16943414598366846
FRB20181124A,175.98,0.22,63.52,0.24,135.07,51.99,1108.532,0.013,1074.1,1083.0,0.3180879611908518
FRB20181125A,147.94,0.18,33.93,0.041,191.59,51.02,272.19,0.02,234.2,247.6,0.5607689694534206
FRB20181126A,262.05,0.18,81.17,0.19,113.4,29.94,494.2168,0.0029,444.6,449.6,0.33419310685972714
FRB20181127A,243.8,0.23,25.43,0.25,42.85,44.61,930.317,0.012,898.1,901.2,0.3661041054307174
FRB20181128A,73.92,0.14,63.22,0.073,146.73,12.3,450.3823,0.0092,338.0,298.4,0.22585546336501372
FRB20181128B,157.22,0.2,38.28,0.048,183.27,58.24,456.548,0.027,423.0,435.9,0.21664178327830796
FRB20181128D,215.62,0.031,59.93,0.12,103.82,53.69,146.5012,0.0037,113.8,121.3,0.11915684941993512
FRB20181128C,268.77,0.023,49.71,0.2,77.0,29.2,618.35,0.0021,569.2,576.6,0.5265842007782879
FRB20181129A,355.12,0.18,44.95,0.17,109.96,-16.13,385.9684,0.0019,299.2,305.5,0.6463062206001595
FRB20181129B,307.56,0.26,81.32,0.34,114.35,23.24,405.905,0.0049,343.8,343.8,0.36922429684946684
FRB20181129C,233.38,0.19,40.03,0.19,64.61,54.23,502.2158,0.0097,475.7,477.5,0.21904062253343112
FRB20181130A,355.19,0.031,46.49,0.17,110.46,-14.66,220.0896,0.0037,125.0,129.9,0.15501934320561414
FRB20181201A,214.96,0.19,39.27,0.19,71.98,67.97,694.356,0.059,670.4,672.9,0.4701829169597815
FRB20181201B,273.38,0.22,56.31,0.21,84.88,27.43,876.577,0.016,825.3,831.1,0.7620780552021529
FRB20181202A,351.01,0.17,17.36,0.2,94.98,-40.72,667.9546,0.0047,629.2,636.8,0.39347098227211835
FRB20181202B,202.83,0.2,64.72,0.2,116.05,51.87,825.8834,0.0068,792.2,800.0,0.32941862778422915
FRB20181202C,307.13,0.18,57.03,0.2,92.62,10.57,557.1604,0.0095,430.7,395.4,0.15845978673697209
FRB20181203A,33.6,0.027,23.57,0.19,146.43,-35.49,635.9255,0.0023,589.2,597.3,0.47955165887932644
FRB20181203B,47.31,0.004,24.02,0.12,159.14,-29.0,375.3871,0.0041,318.7,321.5,0.4729499078605211
FRB20181203C,198.48,0.1,72.94,0.19,120.64,44.09,2444.57,0.024,2407.1,2414.7,0.16649072707767965
FRB20181208A,264.43,0.22,62.62,0.19,91.86,32.3,562.777,0.015,517.6,523.5,0.3910366095384003
FRB20181209A,98.16,0.21,68.69,0.21,146.19,23.47,328.6557,0.004,263.0,259.3,0.7427288548254402
FRB20181213A,127.66,0.2,73.87,0.1,140.39,32.8,678.672,0.015,630.1,635.9,0.3393386940883378
FRB20181213B,183.52,0.22,53.7,0.23,134.96,62.55,626.593,0.015,596.0,604.7,0.7582264049578468
FRB20181213C,216.4,0.25,47.46,0.23,87.04,62.58,380.736,0.019,350.2,358.2,0.3235545471731479
FRB20181214A,70.0,0.18,43.07,0.18,160.82,-2.37,468.148,0.011,283.9,206.0,0.6112395826367745
FRB20181214B,138.79,0.22,42.15,0.077,179.33,43.88,1120.746,0.012,1078.7,1090.2,0.6108428975373412
FRB20181214C,175.93,0.12,60.02,0.048,137.68,55.13,632.7849,0.0039,599.5,608.6,0.4333183536468914
FRB20181214D,178.57,0.2,46.71,0.19,149.07,67.41,1177.319,0.018,1151.3,1157.5,0.6537221006921872
FRB20181214F,252.62,0.047,32.44,0.22,54.19,38.53,2105.76,0.13,2065.5,2073.2,0.19339187257086593
FRB20181215A,93.38,0.22,39.34,0.089,173.73,10.12,412.632,0.021,284.1,235.7,0.6114688186897896
FRB20181215B,254.81,0.17,47.56,0.03,73.62,38.24,494.0142,0.0019,453.4,461.5,0.1233992067491434
FRB20181216A,306.28,0.22,53.53,0.23,89.41,9.0,542.7376,0.005,396.0,347.5,0.31713315514057555
FRB20181217A,290.5,0.21,59.8,0.22,90.99,19.55,1177.1666,0.0058,1107.4,1108.4,0.19286680431221806
FRB20181218A,5.06,0.19,71.35,0.076,120.42,8.63,1874.406,0.028,1727.2,1646.0,0.623224869092457
FRB20181218B,18.04,0.24,69.39,0.25,124.77,6.59,753.405,0.023,583.8,477.1,0.28806239471283024
FRB20181218C,285.98,0.23,58.24,0.24,88.61,21.24,384.153,0.099,319.8,322.7,0.4584455981003148
FRB20181219B,180.79,0.19,71.55,0.35,128.31,45.07,1952.166,0.003,1914.9,1923.0,0.13157153035927732
FRB20181219C,17.77,0.2,14.11,0.23,130.13,-48.49,647.891,0.011,611.7,620.7,0.29537508376415067
FRB20181219A,73.92,0.14,63.22,0.073,146.73,12.3,451.806,0.071,339.4,299.8,0.4156262103081714
FRB20181220A,346.11,0.16,48.43,0.16,105.24,-10.73,209.4017,0.005,83.6,87.3,0.5118329484166905
FRB20181220B,277.37,0.22,84.87,0.3,117.17,27.5,257.7994,0.0033,204.2,207.6,0.7110123527798901
FRB20181221A,230.58,0.2,25.86,0.21,39.52,56.34,316.237,0.013,291.8,292.0,0.7521254584005981
FRB20181221B,306.31,0.004,80.98,0.028,113.93,23.25,1395.021,0.0081,1333.1,1333.1,0.6174682526161255
FRB20181222A,29.5031258,6.0e-7,65.7167542,6.0e-7,129.71,3.73,348.73651,0.0003,149.8,23.9,0.22713473064807616
FRB20181222B,90.04,0.23,38.55,0.075,173.2,7.45,619.2478,0.0075,471.0,408.5,0.4597558246274687
FRB20181222C,131.05,0.23,68.33,0.25,146.46,35.38,1104.892,0.026,1058.5,1065.6,0.23157666861284004
FRB20181222D,188.2,0.23,56.16,0.084,128.25,60.78,1417.11,0.14,1385.9,1394.5,0.1383081346346284
FRB20181222E,50.64,0.044,86.97,0.25,124.97,24.72,327.9797,0.0048,268.1,268.2,0.3755411298716914
FRB20181223A,29.5031258,6.0e-7,65.7167542,6.0e-7,129.71,3.73,349.7096,0.008,150.8,24.9,0.2397545447444937
FRB20181223B,174.89,0.22,21.59,0.24,227.74,72.74,565.655,0.019,540.2,545.7,0.5730132450382697
FRB20181223C,181.05,0.19,27.58,0.2,207.75,79.51,112.5118,0.0035,92.6,93.4,0.33868276832558164
FRB20181224A,355.11,0.025,44.56,0.078,109.84,-16.5,310.20644,0.0004,225.2,231.9,0.3447107584590947
FRB20181224B,45.36,0.21,46.14,0.21,145.22,-11.03,781.0087,0.0099,659.7,640.3,0.3828746346651558
FRB20181224C,115.29,0.22,60.28,0.21,156.69,29.4,596.325,0.056,541.0,543.2,0.8677361886261585
FRB20181224D,182.45,0.2,54.85,0.21,135.42,61.26,690.196,0.019,658.8,667.9,0.4063350750449869
FRB20181224E,239.32,0.034,7.32,0.2,17.52,41.77,581.8537,0.0041,545.3,549.3,0.17995086339867786
FRB20181225A,29.5031258,6.0e-7,65.7167542,6.0e-7,129.71,3.73,349.619,0.043,150.7,24.8,0.30913687024205694
FRB20181225B,36.77,0.23,88.2,0.26,123.74,25.48,299.2875,0.0049,241.0,242.3,0.8651378529985804
FRB20181226C,349.05,0.19,44.94,0.18,105.75,-14.73,409.0184,0.0065,315.0,322.4,0.3223338029807488
FRB20181226A,29.5031258,6.0e-7,65.7167542,6.0e-7,129.71,3.73,349.0107,0.0014,150.1,24.2,0.36959385440031645
FRB20181226D,120.22,0.17,22.16,0.046,199.59,24.7,385.3778,0.0025,320.4,306.2,0.04305574751851518
FRB20181226B,182.66,0.039,12.43,0.2,267.9,72.47,287.0364,0.0017,259.3,266.3,0.09530990609664043
FRB20181226E,303.56,0.21,73.64,0.22,106.6,20.42,308.762,0.015,239.9,237.5,0.40999070562493106
FRB20181227A,31.79,0.23,78.38,0.27,126.83,16.09,791.2134,0.0062,702.2,680.5,0.17853772411655192
FRB20181228A,7.26,0.21,10.22,0.27,113.91,-52.26,748.6791,0.0089,714.5,723.1,0.24900428521272264
FRB20181228B,250.43,0.21,63.85,0.21,94.64,38.29,568.6506,0.0023,528.7,535.2,0.21268266995326643
FRB20181228C,265.19,0.23,54.36,0.23,82.11,31.87,510.7,0.014,465.1,471.8,0.739335035523278
FRB20181229A,137.18,0.18,42.01,0.17,179.53,42.69,955.5735,0.0036,912.6,923.4,0.8138749648806487
FRB20181229B,238.37,0.23,19.78,0.26,32.97,47.83,389.047,0.097,359.7,361.3,0.23892171603725265
FRB20181230A,346.69,0.22,83.37,0.26,119.8,21.14,769.611,0.015,701.2,696.6,0.4593286318485173
FRB20181230B,20.83,0.23,79.7,0.25,124.42,16.92,1137.36,0.047,1052.4,1034.9,0.22464487274847988
FRB20181230C,245.75,0.22,50.52,0.21,78.21,43.9,1037.194,0.004,1000.3,1008.1,0.32292338252553043
FRB20181230D,255.3,0.21,50.51,0.21,77.36,37.86,223.9665,0.002,183.4,191.0,0.8884827043586724
FRB20181230E,113.26,0.2,86.85,0.087,126.43,27.65,1041.713,0.042,987.2,990.1,0.27757822401627635
FRB20181231A,29.71,0.17,20.96,0.19,143.38,-39.22,1376.7324,0.0016,1333.7,1342.5,0.25714894716005
FRB20181231B,128.77,0.2,55.99,0.18,161.71,36.55,197.1697,0.0017,150.3,157.9,0.6483193632185413
FRB20181231C,197.09,0.2,69.18,0.21,120.69,47.87,556.086,0.0038,520.6,528.4,0.13887079728187834
FRB20190101A,171.01,0.19,27.99,0.2,205.31,70.64,854.609,0.019,830.3,836.0,0.7260285077271131
FRB20190101B,307.77,0.23,29.89,0.23,70.74,-5.61,1323.9056,0.0045,1089.9,1161.6,0.21162550730790208
FRB20190102A,9.26,0.18,26.72,0.057,118.96,-36.04,699.1727,0.0064,655.6,664.2,0.3439698169510912
FRB20190102B,21.66,0.18,21.39,0.21,133.77,-40.74,367.1642,0.0037,326.1,335.2,0.25597928812125303
FRB20190103B,93.57,0.026,19.73,0.21,191.23,1.07,541.129,0.061,354.0,248.7,0.5385198551162187
FRB20190103C,104.19,0.17,11.07,0.05,203.64,6.19,1349.133,0.012,1193.6,1127.1,0.5313921324934824
FRB20190103A,190.53,0.13,65.13,0.23,124.52,51.97,364.5627,0.0049,330.7,338.8,0.10826705635274081
FRB20190103D,221.84,0.24,59.91,0.24,99.85,51.71,1913.5509,0.0086,1880.3,1887.7,0.8417195697976829
FRB20190103E,262.89,0.23,45.84,0.24,71.92,32.61,736.245,0.015,690.6,698.8,0.9038001065996357
FRB20190104A,70.5,0.2,35.59,0.2,166.73,-7.01,549.4329,0.0029,397.9,346.9,1.1795827582817544
FRB20190104B,234.72,0.25,-6.25,0.43,359.71,37.54,530.137,0.012,480.3,492.6,0.06613611832623019
FRB20190105A,266.3,0.19,63.82,0.21,93.23,31.41,383.551,0.035,337.2,343.0,0.2678389346709152
FRB20190106A,22.19,0.24,46.12,0.25,129.65,-16.26,340.061,0.015,251.2,249.5,0.24326520486915948
FRB20190106B,335.63,0.18,46.13,0.18,97.79,-9.34,316.5941,0.0018,174.9,183.7,0.5086920708424856
FRB20190107A,0.86,0.25,21.81,0.28,108.4,-39.7,849.19,0.78,809.3,817.3,0.6344825833462167
FRB20190107B,33.45,0.2,83.4,0.23,125.41,20.93,166.0939,0.003,96.1,89.6,0.3188124362215249
FRB20190109A,107.96,0.25,5.16,0.34,210.64,6.88,324.604,0.021,176.9,119.8,0.1645405600922923
FRB20190109B,253.47,0.23,1.25,0.33,19.73,26.53,175.168,0.025,106.9,121.7,0.7173090060700048
FRB20190110A,64.95,0.033,47.44,0.086,155.2,-1.95,472.7526,0.0078,284.2,206.6,0.22755788888574477
FRB20190110B,131.68,0.21,50.16,0.21,168.91,38.68,486.118,0.012,440.6,449.3,1.036713180695012
FRB20190110C,246.98,0.19,41.42,0.05,65.52,43.85,221.961,0.015,186.3,193.0,0.7986990857281904
FRB20190111A,217.0,0.15,26.78,0.12,37.55,68.51,171.96819,0.00082,150.5,150.5,0.25176247315554423
FRB20190111B,260.02,0.16,13.53,0.03,35.24,26.27,1336.9271,0.0064,1271.8,1285.9,0.5726116571788873
FRB20190112A,257.98,0.015,61.2,0.026,90.49,35.45,425.8474,0.0051,383.8,390.1,0.4004526731703098
FRB20190113A,108.14,0.25,-2.99,0.39,218.01,3.33,428.924,0.012,250.0,176.4,0.8970639764982543
FRB20190114A,8.95,0.23,19.17,0.26,117.83,-43.55,887.392,0.048,849.3,857.8,0.6436497260653951
FRB20190115A,45.61,0.22,54.28,0.23,141.39,-3.83,1021.684,0.015,835.3,784.3,0.4478298880455071
FRB20190115B,76.82,0.2,82.06,0.23,130.71,23.43,748.293,0.018,684.5,682.3,1.1013898634636954
FRB20190116E,19.36,0.22,52.32,0.22,126.97,-10.35,1491.0006,0.0041,1362.6,1350.8,0.5049884148733988
FRB20190116D,85.1,0.22,68.68,0.23,144.42,19.03,1164.025,0.023,1085.5,1072.0,0.20751257723317712
FRB20190116A,192.33,0.15,27.15,0.24,210.17,89.53,445.48,0.21,425.6,425.9,0.5840182728936447
FRB20190116B,192.33,0.15,27.15,0.24,210.17,89.53,443.549,0.021,423.7,424.0,0.29719051932756074
FRB20190116C,249.32,0.013,70.96,0.025,103.22,36.26,629.27648,0.00029,587.4,593.6,0.17950215258067556
FRB20190116F,261.67,0.21,75.0,0.23,106.48,31.58,316.9203,0.0082,270.1,275.6,0.8461374369690744
FRB20190117C,115.13,0.25,74.59,0.29,140.26,29.33,865.9008,0.0064,812.6,815.9,0.35940601158627933
FRB20190117D,208.87,0.14,31.68,0.2,54.84,75.35,1178.063,0.011,1155.5,1157.6,0.7500721387848914
FRB20190117A,331.71,0.15,17.37,0.26,76.31,-30.23,393.3602,0.0022,345.2,353.3,0.8582954714989244
FRB20190118B,39.71,0.25,23.57,0.27,152.53,-33.06,670.89,0.15,620.7,627.3,0.22621606685123163
FRB20190118A,253.31,0.029,11.55,0.084,30.1,31.42,225.10795,0.00072,171.7,182.4,0.25857892154744205
FRB20190121A,354.74,0.15,78.6,0.023,119.26,16.25,425.3534,0.0058,338.0,319.1,0.24067428602225324
FRB20190122B,2.53,0.25,35.12,0.25,113.46,-26.99,469.565,0.036,415.1,423.5,1.4953117990578189
FRB20190122C,200.6,0.072,17.57,0.16,341.32,78.07,689.902,0.0078,665.5,669.6,0.2537303860342085
FRB20190122A,349.56,0.22,37.5,0.23,103.18,-21.77,1231.21,0.31,1166.6,1175.4,0.2552496419460146
FRB20190124A,50.46,0.13,51.58,0.16,145.29,-4.64,1275.853,0.024,1099.3,1051.9,0.37553078403178886
FRB20190124B,214.69,0.089,28.8,0.17,42.99,70.67,441.3838,0.0098,419.8,420.3,0.25351689031649693
FRB20190124C,217.17,0.047,28.38,0.17,41.94,68.49,303.644,0.0013,282.2,282.2,0.5886889756894916
FRB20190124D,237.26,0.24,81.23,0.29,115.61,33.2,340.12,0.017,294.5,300.3,0.13295223290716332
FRB20190124E,297.75,0.21,20.57,0.24,57.96,-3.09,617.79,0.092,225.8,313.3,1.0583379065494647
FRB20190124F,338.92,0.16,5.3,0.027,72.47,-43.87,254.7903,0.005,217.2,225.8,0.3480301714499388
FRB20190125A,45.73,0.24,27.81,0.26,155.42,-26.64,564.701,0.027,504.3,506.4,0.8246850464681705
FRB20190125B,231.45,0.25,50.54,0.23,82.22,52.58,178.238,0.015,145.0,152.9,0.1849317513175272
FRB20190126A,29.5031258,6.0e-7,65.7167542,6.0e-7,129.71,3.73,350.0017,0.0073,151.1,25.1,0.2815763114738003
FRB20190127B,150.92,0.24,83.56,0.28,127.99,31.83,663.028,0.048,614.6,620.1,1.0240689675186239
FRB20190128A,21.8,0.21,24.67,0.065,133.18,-37.49,696.117,0.019,652.5,661.6,0.6856860908463309
FRB20190128B,127.44,0.21,23.29,0.23,200.92,31.35,248.2302,0.0059,191.0,190.8,0.7248028939015142
FRB20190128C,69.8,0.23,78.94,0.38,132.83,20.76,310.622,0.076,239.3,230.4,0.5979912728106702
FRB20190128D,283.32,0.06,17.44,0.27,48.75,7.46,430.231,0.015,197.4,222.9,0.7877645760918597
FRB20190129A,45.06,0.21,21.42,0.23,158.87,-32.31,484.761,0.014,432.7,437.8,0.9449585035505624
FRB20190130A,25.64,0.24,13.16,0.3,141.65,-47.84,1367.461,0.05,1330.1,1339.4,0.6772831785295994
FRB20190130B,172.11,0.16,16.05,0.072,238.61,67.8,989.0307,0.0036,959.3,968.0,0.19221820650683352
FRB20190131E,195.65,0.044,80.92,0.27,122.39,36.2,279.8006,0.0025,236.5,243.3,0.9402328479068753
FRB20190131D,57.46,0.16,22.75,0.18,168.11,-24.08,642.1218,0.0012,574.6,569.1,0.014215867338601276
FRB20190131C,166.45,0.22,10.43,0.27,241.74,60.05,507.7618,0.0027,474.8,484.9,0.16294183589942332
FRB20190131B,354.72,0.24,11.71,0.23,96.19,-47.36,1805.729,0.0043,1770.1,1778.2,0.2777649438656106
FRB20190201B,118.2,0.19,55.58,0.19,162.23,30.61,749.176,0.01,695.0,698.0,0.5864896761671881
FRB20190201A,64.03,0.23,84.84,0.32,127.32,23.83,242.0038,0.004,179.6,178.5,0.5987796968221989
FRB20190202B,114.32,0.039,32.45,0.18,187.06,23.2,464.906,0.0022,394.8,379.4,0.7356405756030064
FRB20190202A,344.2,0.025,17.1,0.026,87.49,-37.76,307.3605,0.00046,266.6,274.2,1.147043904856705
FRB20190203B,130.64,0.23,61.89,0.25,154.26,36.7,582.2248,0.0095,536.4,544.0,0.16069555387765444
FRB20190203A,133.68,0.17,70.82,0.19,143.2,35.48,420.5727,0.0043,374.7,381.7,0.8016083052059277
FRB20190203C,196.01,0.22,2.48,0.33,310.44,65.17,370.462,0.016,340.8,348.3,0.24273304013033994
FRB20190204A,161.33,0.23,61.53,0.24,145.59,49.68,449.639,0.061,413.5,423.3,0.7749178289185293
FRB20190204B,255.92,0.17,75.87,0.19,107.94,32.73,1464.9393,0.0049,1419.4,1425.0,0.35772043638625567
FRB20190205A,342.22,0.25,83.37,0.3,119.31,21.38,695.389,0.0053,627.7,623.8,0.253080169662632
FRB20190206C,200.45,0.19,74.39,0.046,120.17,42.57,1043.002,0.021,1004.7,1012.2,0.38409193467277847
FRB20190206B,49.76,0.25,79.5,0.39,129.56,18.58,352.52,0.11,274.0,261.0,0.44559951244693313
FRB20190206A,244.85,0.22,9.36,0.26,23.27,37.95,188.3364,0.0061,146.9,152.8,0.1564760289790215
FRB20190208B,91.0,0.13,80.88,0.035,132.78,24.91,714.22009,0.00054,653.6,653.3,0.14688708466679853
FRB20190208C,141.55,0.037,83.56,0.22,128.8,31.03,238.3921,0.0024,188.7,193.9,0.33873038916593357
FRB20190208A,283.52,0.15,46.96,0.22,76.71,19.04,579.843,0.012,508.4,514.6,0.3816211590375497
FRB20190209A,144.32,0.22,77.67,0.28,134.18,34.84,424.786,0.031,379.1,385.8,0.13483128691620616
FRB20190210B,104.18,0.16,23.7,0.16,192.11,11.66,624.1879,0.0021,507.7,460.1,0.3530884014580616
FRB20190210C,295.75,0.24,89.1,0.25,121.95,26.92,643.3669,0.0025,588.1,590.7,0.6752587762955756
FRB20190210A,144.32,0.22,77.67,0.28,134.18,34.84,426.12,0.13,380.4,387.2,0.42967679026219946
FRB20190210D,307.8,0.082,55.46,0.18,91.53,9.37,359.1477,0.004,217.9,170.1,1.0897949345250142
FRB20190210E,313.65,0.28,86.67,0.31,119.77,25.39,580.58,0.011,522.7,524.2,0.3903662482995718
FRB20190211A,67.06,0.19,68.64,0.2,140.63,13.59,1188.256,0.0043,1084.4,1050.5,0.4921338586615111
FRB20190211B,299.62,0.22,61.37,0.22,94.41,16.1,260.7,0.00068,176.2,169.8,0.37772052599975936
FRB20190212B,139.99,0.18,52.11,0.17,165.49,43.61,600.1866,0.0028,559.0,569.8,0.20016139825698198
FRB20190212C,172.57,0.17,28.14,0.047,205.0,72.02,1016.45,0.033,994.1,997.9,0.7640740827828525
FRB20190212D,178.83,0.25,66.72,0.25,131.41,49.47,1139.765,0.034,1104.4,1113.0,0.2745876797066447
FRB20190212A,276.14,0.21,81.43,0.19,113.3,27.8,301.784,0.033,248.9,253.0,0.5470078438518071
FRB20190213A,31.72,0.25,20.08,0.3,146.06,-39.38,651.06,0.073,608.0,616.6,0.18493642737142751
FRB20190213C,64.26,0.22,45.0,0.23,156.57,-4.02,357.0634,0.0056,181.1,120.3,0.7546287460043823
FRB20190213B,276.14,0.21,81.43,0.19,113.3,27.8,301.3128,0.0075,248.5,252.5,0.5191475529158301
FRB20190213D,336.45,0.021,52.71,0.14,101.8,-4.08,1346.8476,0.0022,1112.3,1097.9,0.5542046052646159
FRB20190214A,96.09,0.23,66.24,0.23,148.5,22.03,497.68,0.1,427.9,421.2,0.6432125353969742
FRB20190214C,218.87,0.037,19.36,0.21,20.45,64.93,533.112,0.02,511.0,510.9,0.12543574736210925
FRB20190215B,335.04,0.13,45.34,0.15,97.0,-9.78,274.6295,0.0033,138.4,148.5,0.32742655990017155
FRB20190216A,256.33,0.21,68.28,0.22,99.15,34.8,1282.37,0.28,1239.5,1245.4,0.17648393186062167
FRB20190217A,94.88,0.2,43.11,0.2,170.78,12.79,798.1092,0.0094,687.4,650.5,0.7145972802835301
FRB20190217B,22.58,0.22,26.95,0.24,133.54,-35.12,846.212,0.015,800.4,809.2,0.06365784675264029
FRB20190218A,184.05,0.22,56.42,0.21,132.7,60.04,1285.129,0.01,1253.7,1262.4,0.566435186335445
FRB20190218B,268.7,0.22,17.93,0.26,43.24,20.34,547.868,0.047,466.3,482.5,0.7425881970379065
FRB20190218C,156.96,0.13,77.95,0.11,131.7,36.62,319.32387,0.00073,275.6,282.8,0.3070015239705312
FRB20190219A,105.78,0.042,43.13,0.16,173.87,20.17,657.1942,0.0089,578.4,562.1,0.22466587212025785
FRB20190219B,246.3,0.17,57.92,0.17,87.96,41.91,1681.11,0.016,1643.4,1650.5,0.6950435263962542
FRB20190219C,349.67,0.23,49.21,0.24,107.74,-10.91,806.688,0.016,682.6,684.6,0.25957963616982616
FRB20190220A,237.21,0.24,74.16,0.26,108.97,37.76,216.12,0.012,175.2,181.7,0.5543184492144846
FRB20190221A,132.6,0.05,9.9,0.26,217.6,30.89,223.806,0.017,170.9,172.7,0.35315376806233195
FRB20190221B,286.77,0.21,27.86,0.22,59.62,9.17,393.124,0.041,227.6,240.0,1.094960113793295
FRB20190221C,316.15,0.2,54.67,0.19,93.9,5.14,2042.3,0.012,1821.7,1669.6,0.3766292876392676
FRB20190221D,24.81,0.24,60.93,0.24,128.71,-1.4,473.7873,0.0077,284.2,183.3,0.09374925554253963
FRB20190222B,160.69,0.22,19.62,0.058,220.29,59.62,497.619,0.047,464.4,475.4,0.38070990144402844
FRB20190222C,239.18,0.04,40.03,0.19,63.82,49.81,524.0071,0.0066,494.5,497.8,0.19383861951271386
FRB20190222A,313.06,0.17,69.83,0.21,104.88,15.88,460.169,0.015,373.0,359.4,0.08443461907340821
FRB20190222D,313.9,0.23,26.57,0.26,71.38,-11.92,895.2976,0.0048,779.7,806.6,0.5684718643764541
FRB20190223A,64.72,0.3,87.65,0.32,124.98,25.66,389.2365,0.0097,331.1,332.5,0.2601831394525843
FRB20190223B,311.62,0.23,60.56,0.24,96.92,10.76,536.5143,0.0048,411.8,371.8,0.21740718081771404
FRB20190224A,60.53,0.25,83.39,0.29,128.22,22.58,818.4,0.09,752.9,749.5,0.2900668717332163
FRB20190224B,268.24,0.24,82.57,0.35,114.73,28.76,839.3674,0.0051,788.0,792.3,0.43294263958149115
FRB20190224C,124.05,0.2,19.78,0.22,203.48,27.2,497.4,0.0039,437.5,429.2,0.2368254595645441
FRB20190224D,331.89,0.2,89.05,0.23,122.24,26.41,752.9522,0.0019,696.7,698.9,0.375428544513674
FRB20190224E,183.04,0.034,61.54,0.13,131.07,54.96,435.8612,0.0012,402.8,411.4,0.8206437434986695
FRB20190226A,58.83,0.1,31.93,0.17,162.45,-16.49,601.5727,0.0016,510.3,494.4,0.252843254482903
FRB20190226B,273.57,0.23,61.81,0.25,91.05,28.02,631.603,0.032,580.9,586.2,0.9270865593971522
FRB20190226C,17.46,0.21,26.76,0.056,128.01,-35.93,827.77,0.022,783.3,792.2,0.30501416432560696
FRB20190227A,108.41,0.11,56.34,0.15,160.53,25.29,394.0388,0.0012,330.6,327.8,0.7978755905644688
FRB20190227B,220.54,0.23,39.8,0.081,68.95,63.82,331.2289,0.003,307.3,309.0,0.47063179590384135
FRB20190228A,183.48,0.005,22.9,0.12,237.34,80.51,419.0825,0.0051,398.9,399.5,0.30923494856026035
FRB20190228B,50.01,0.024,81.94,0.21,128.12,20.61,1115.2461,0.008,1043.9,1035.6,0.38574398916242947
FRB20190301B,69.5,0.23,74.08,0.27,136.85,17.71,621.333,0.025,538.5,521.9,0.36007461635945454
FRB20190301C,171.83,0.23,34.93,0.23,184.3,70.42,802.913,0.024,782.4,790.7,0.2596645037849058
FRB20190301D,278.72,0.22,74.68,0.093,105.7,27.18,1160.692,0.015,1107.6,1111.7,0.7244287027660732
FRB20190301A,313.06,0.17,69.83,0.21,104.88,15.88,459.5613,0.0097,372.4,358.8,0.273200873565751
FRB20190302A,34.8,0.19,61.34,0.19,133.26,0.24,1034.239,0.056,813.5,722.0,0.6514791929583365
FRB20190303B,128.74,0.028,66.03,0.047,149.45,35.06,193.50698,0.00073,146.4,153.4,0.061145063755704866
FRB20190303C,173.24,0.2,26.32,0.21,211.1,72.48,1089.655,0.011,1066.6,1070.5,0.20595516897442537
FRB20190303D,179.57,0.25,70.84,0.26,129.13,45.64,711.151,0.014,674.1,682.3,0.2442715681340638
FRB20190303A,208.03,0.13,48.24,0.22,97.75,65.81,221.667,0.017,191.8,199.9,0.38337461399910266
FRB20190304A,124.51,0.036,74.61,0.21,139.8,31.79,483.727,0.011,433.9,439.2,0.42602527790856637
FRB20190304B,204.86,0.19,24.19,0.21,20.4,78.8,470.0053,0.0057,447.4,449.8,0.4097198808748177
FRB20190304C,223.01,0.23,26.72,0.25,39.04,63.18,564.991,0.014,542.9,542.5,0.362047688234879
FRB20190307A,254.55,0.21,9.85,0.27,28.92,29.59,355.337,0.062,297.3,309.6,0.3283153356780347
FRB20190307B,269.2,0.064,38.4,0.22,64.53,26.61,294.001,0.053,239.1,248.9,0.4346619336491274
FRB20190308C,188.36,0.026,44.39,0.17,133.59,72.36,500.519,0.026,477.4,480.5,0.12406560182419077
FRB20190308B,38.59,0.04,83.62,0.3,125.9,21.35,180.18,0.007,111.5,106.0,0.3941921946968704
FRB20190309A,278.96,0.23,52.41,0.24,81.37,23.47,356.9,0.026,298.3,303.9,0.2578853634210192
FRB20190313B,101.98,0.18,74.13,0.21,140.61,25.78,1191.248,0.062,1131.4,1131.6,0.3562513660539095
FRB20190313A,190.53,0.13,65.13,0.23,124.52,51.97,364.5,0.12,330.7,338.8,0.805753677809163
FRB20190316A,5.23,0.22,20.51,0.24,113.33,-41.79,515.9273,0.0058,477.0,485.3,0.4695569549553744
FRB20190317A,87.44,0.23,44.66,0.23,166.86,8.75,1157.2595,0.0074,1019.3,964.1,0.3006989998378975
FRB20190317B,101.01,0.07,49.73,0.2,166.11,19.23,424.314,0.013,343.7,326.5,0.36780390379293787
FRB20190317C,125.82,0.22,32.07,0.24,190.52,32.43,598.263,0.073,544.7,543.8,0.5498124057968229
FRB20190317F,236.25,0.047,47.05,0.12,75.21,50.75,1118.109,0.012,1084.8,1092.2,0.17084497621351744
FRB20190317E,274.37,0.19,13.25,0.23,41.12,13.44,800.88,0.013,666.6,696.0,0.46123940713839845
FRB20190318A,324.11,0.11,74.46,0.18,110.81,16.39,419.2661,0.0077,333.9,318.9,0.8202045994389437
FRB20190319A,113.43,0.14,5.72,0.23,212.61,12.0,2039.936,0.015,1932.3,1898.1,0.5370083505363383
FRB20190320A,61.6,0.2,63.36,0.2,142.85,8.3,614.146,0.014,470.2,400.3,0.271451489286449
FRB20190320B,250.4,0.23,39.63,0.22,63.19,41.2,489.4949,0.0067,451.8,459.0,0.580786776167067
FRB20190320C,254.73,0.22,22.38,0.25,42.68,34.17,368.7898,0.0094,321.7,331.4,0.19350194283941707
FRB20190320D,262.22,0.23,59.07,0.22,87.69,33.53,1141.35,0.2,1097.5,1103.9,0.2226717604585733
FRB20190320E,76.64,0.16,89.16,0.2,123.78,26.75,299.135,0.0042,243.3,245.7,0.23869617921797018
FRB20190322A,110.75,0.19,51.3,0.19,166.31,25.61,1060.118,0.026,996.5,993.0,0.42572985889283527
FRB20190322B,132.03,0.24,73.34,0.26,140.54,34.14,576.982,0.024,530.0,536.4,0.7503454986457685
FRB20190322C,296.36,0.14,70.7,0.15,102.77,21.2,1192.0806,0.0012,1126.3,1125.9,0.43860691381981576
FRB20190323A,112.37,0.2,34.46,0.21,184.44,22.29,857.5038,0.0089,784.7,768.7,0.3205506533793107
FRB20190323B,193.22,0.042,77.24,0.15,122.83,39.89,789.56311,0.00076,749.3,756.6,0.5378789360837914
FRB20190323C,199.5,0.22,40.07,0.23,101.57,75.94,381.118,0.01,357.5,360.9,0.21256789515175042
FRB20190323D,56.88,0.24,46.93,0.24,151.43,-5.97,763.65,0.18,601.3,558.1,0.22923856816068539
FRB20190325A,130.41,0.22,83.07,0.26,130.04,30.15,359.289,0.013,308.3,312.9,1.121738964290092
FRB20190325B,183.92,0.22,30.32,0.071,188.67,81.54,1733.918,0.026,1714.1,1714.8,0.5569134876637571
FRB20190325C,53.85,0.22,60.17,0.22,142.01,3.52,797.83,0.028,609.4,499.6,0.5239066366834928
FRB20190326A,161.9,0.22,74.22,0.24,133.5,40.27,283.3113,0.005,242.6,250.5,0.17644097762955654
FRB20190327A,281.31,0.16,34.28,0.052,63.67,16.06,346.5748,0.0023,257.8,270.1,0.32693483604120055
FRB20190328A,120.35,0.24,59.1,0.24,158.17,31.91,1303.58,0.13,1251.8,1256.4,0.3921984106845328
FRB20190328B,199.47,0.28,86.85,0.31,122.51,30.26,565.001,0.016,514.9,519.9,0.16252928353319665
FRB20190328C,73.83,0.2,81.96,0.28,130.57,23.02,472.8607,0.0075,408.2,405.3,0.05085232929288865
FRB20190329B,87.9,0.24,76.27,0.25,137.34,22.86,406.0539,0.0068,340.1,336.0,0.33200478340661216
FRB20190329C,279.79,0.023,51.63,0.14,80.69,22.77,1256.3592,0.0071,1196.0,1201.8,0.23310049523171195
FRB20190329A,65.54,0.19,73.63,0.27,136.46,16.58,188.606,0.047,100.8,80.2,0.10282615648809273
FRB20190330A,204.09,0.22,38.36,0.087,85.79,75.35,508.965,0.02,484.1,488.6,0.24545233972315683
FRB20190330B,269.41,0.037,52.81,0.14,80.58,29.23,668.0927,0.0019,619.2,626.0,0.09757766881858666
FRB20190401A,196.8,0.19,79.91,0.21,122.07,37.19,783.216,0.017,740.8,747.8,0.5923207858534952
FRB20190402A,178.61,0.23,47.1,0.22,148.44,67.11,1291.69,0.082,1265.3,1271.7,0.3182240175029793
FRB20190403G,81.74,0.22,25.78,0.25,180.44,-5.19,865.311,0.014,700.0,620.0,0.6118860219714379
FRB20190403A,116.33,0.24,86.36,0.29,126.94,27.92,518.834,0.012,464.6,467.8,0.3730609986433607
FRB20190403B,135.47,0.18,1.46,0.09,227.76,29.41,292.473,0.028,238.4,244.5,0.20042357692342785
FRB20190403C,249.83,0.24,58.7,0.25,88.33,39.91,935.009,0.028,896.1,903.1,0.6594160827587147
FRB20190403D,326.53,0.26,84.29,0.29,118.44,23.12,613.458,0.026,550.5,549.7,0.35684654663843096
FRB20190403E,220.22,0.086,86.54,0.27,121.09,30.19,226.198,0.01,176.3,181.1,0.3063345582126268
FRB20190403F,43.34,0.2,33.14,0.2,150.44,-23.14,664.184,0.022,596.8,597.5,0.4939470807464028
FRB20190404A,143.1,0.096,36.9,0.17,186.85,47.18,1353.9007,0.0095,1313.6,1326.5,0.4220950350599891
FRB20190404B,259.79,0.11,40.0,0.13,64.63,34.07,489.42307,0.00064,444.4,453.5,0.34220409369731813
FRB20190405A,337.02,0.23,20.96,0.27,83.44,-30.71,424.884,0.031,377.6,385.2,0.7220051538177015
FRB20190405B,236.48,0.043,89.16,0.19,122.28,27.73,1113.218,0.0087,1059.3,1062.6,0.5138414150347731
FRB20190406A,283.52,0.15,46.96,0.22,76.71,19.04,580.2254,0.0093,508.8,515.0,0.2877041361692856
FRB20190408A,262.2,0.23,71.6,0.26,102.52,32.13,863.3796,0.007,817.4,823.1,0.23343158284946564
FRB20190409A,79.52,0.2,6.72,0.27,195.66,-17.27,1791.8908,0.0053,1707.5,1666.3,0.3441644442037898
FRB20190409B,126.65,0.22,63.47,0.21,152.72,34.63,285.633,0.044,237.8,244.5,0.247695440936021
FRB20190409C,252.6,0.22,71.62,0.24,103.5,35.04,674.631,0.014,631.6,637.7,0.2709961006960358
FRB20190409D,336.64,0.23,26.95,0.21,87.17,-25.68,1300.118,0.011,1245.4,1253.5,0.7297672938734453
FRB20190410A,263.47,0.23,-2.37,0.38,21.65,16.04,284.02,0.01,155.5,167.5,0.36369634119107513
FRB20190410B,265.76,0.02,15.17,0.2,39.33,21.83,642.1699,0.0091,563.8,580.6,0.13941095686423913
FRB20190411A,80.0,0.27,83.89,0.3,129.13,24.62,460.5552,0.0074,399.8,399.5,0.8541580323018813
FRB20190411B,154.03,0.2,29.23,0.21,200.1,55.86,1229.581,0.021,1194.3,1207.0,0.3735801943246928
FRB20190411C,9.33,0.054,20.5,0.21,118.46,-42.25,233.66,0.0038,194.8,203.3,1.0405027373955766
FRB20190412A,243.45,0.16,61.87,0.15,93.6,41.95,364.7329,0.0034,327.2,334.0,0.5070500291942392
FRB20190412B,285.65,0.22,19.25,0.25,51.37,6.28,375.75,0.28,110.9,110.1,0.796652532251434
FRB20190414A,181.44,0.21,38.9,0.22,159.07,74.85,811.981,0.028,791.8,793.5,0.7263293933773131
FRB20190414B,246.9,0.22,57.53,0.22,87.34,41.7,506.489,0.09,468.7,475.8,0.6490414765329492
FRB20190415A,182.38,0.21,71.28,0.23,127.71,45.46,633.681,0.025,596.7,604.7,0.3706619270771234
FRB20190415B,8.86,0.15,54.85,0.017,120.61,-7.95,722.993,0.075,567.6,553.4,0.24460431653516568
FRB20190415C,74.81,0.23,34.8,0.25,169.59,-4.78,650.182,0.024,481.7,413.8,0.6146735139730897
FRB20190416A,144.99,0.21,33.3,0.21,192.33,48.53,2287.265,0.043,2248.1,2260.7,0.09890474631330369
FRB20190416B,172.19,0.18,35.95,0.034,181.14,70.36,575.36,0.015,554.8,563.5,0.3786506662019396
FRB20190417B,174.87,0.2,64.72,0.21,134.95,50.7,1161.2,0.14,1126.2,1135.1,0.3503343796784696
FRB20190417A,294.85,0.2,59.4,0.27,91.49,17.36,1380.08,0.13,1301.9,1299.2,0.3954970402986979
FRB20190417C,45.68,0.03,71.26,0.046,133.15,11.04,320.23188,0.00043,198.2,146.8,0.32822486178769766
FRB20190418A,65.79,0.19,16.04,0.22,179.3,-22.93,184.5069,0.0076,114.4,98.9,0.6055097968310283
FRB20190419A,104.98,0.21,64.88,0.071,150.91,25.27,439.972,0.057,377.7,376.3,0.4972615756299282
FRB20190419B,255.27,0.17,86.74,0.057,119.64,28.6,165.0752,0.0047,112.8,117.0,0.1319441842398428
FRB20190420B,94.73,0.16,70.12,0.022,144.33,22.71,846.8432,0.0044,779.4,774.5,0.48618981050544363
FRB20190420A,106.55,0.2,55.96,0.21,160.7,24.2,609.0998,0.0065,543.4,538.7,0.5686349022290492
FRB20190420C,248.1,0.22,37.25,0.23,59.83,42.84,629.954,0.059,594.2,600.4,0.4096548009471875
FRB20190421A,208.03,0.13,48.24,0.22,97.75,65.81,223.641,0.015,193.8,201.8,0.4020337000655272
FRB20190421B,82.49,0.076,62.31,0.033,149.75,15.06,392.2475,0.0015,295.8,269.3,0.42832361252351175
FRB20190422B,158.27,0.21,45.67,0.078,169.59,56.95,977.386,0.053,943.3,955.7,0.08269891988166338
FRB20190422A,48.56,0.2,35.15,0.2,153.27,-19.17,452.302,0.01,372.8,367.0,0.2524581198280054
FRB20190423A,179.68,0.18,55.25,0.16,138.14,60.29,242.64562,0.0006,211.0,220.2,0.24250628766512622
FRB20190423B,298.58,0.21,26.19,0.21,63.18,-0.87,584.949,0.02,102.3,160.8,0.200043837983932
FRB20190423C,349.08,0.2,86.97,0.084,121.59,24.35,855.5273,0.0046,795.1,795.4,0.7745415742003994
FRB20190423D,29.69,0.19,84.8,0.22,124.56,22.14,496.455,0.018,430.3,426.7,0.20513503896404456
FRB20190424A,168.3,0.18,63.78,0.049,139.55,50.06,758.672,0.0043,723.2,732.4,0.3499477114030836
FRB20190425A,255.72,0.14,21.52,0.18,42.06,33.02,128.15774,0.00016,79.4,89.3,0.3592252045794987
FRB20190425B,210.12,0.1,88.6,0.21,122.46,28.46,1031.7236,0.0091,979.0,982.9,0.6354778709662332
FRB20190426A,115.04,0.2,59.12,0.2,158.01,29.19,340.6624,0.0018,284.8,286.7,0.5626385728434506
FRB20190427A,78.93,0.18,7.77,0.23,194.4,-17.22,455.7828,0.0026,370.8,330.1,0.20670132242651978
FRB20190428A,170.73,0.027,23.33,0.15,218.78,69.65,969.4001,0.0022,942.4,949.4,0.35213608291833864
FRB20190429A,281.09,0.24,59.42,0.24,89.11,23.99,470.884,0.011,413.3,417.5,0.5997781188521174
FRB20190429B,329.93,0.24,3.96,0.33,63.07,-38.21,295.65,0.75,253.5,263.1,1.0744268316126346
FRB20190430B,237.72,0.23,62.27,0.24,95.69,44.2,2619.399,0.085,2583.0,2590.0,0.5197891344411163
FRB20190430A,77.7,0.24,87.01,0.32,125.94,25.83,339.25,0.19,281.4,282.8,0.8583057971833521
FRB20190430C,277.22,0.23,24.92,0.22,53.26,15.75,400.561,0.011,301.5,317.4,0.6627418533489849
FRB20190501B,261.45,0.19,54.36,0.18,82.03,34.05,784.068,0.011,740.5,747.6,0.4877435631024434
FRB20190502A,165.01,0.14,59.95,0.13,145.3,52.07,625.7691,0.0047,590.8,600.6,0.609911456807049
FRB20190502B,212.04,0.13,64.44,0.036,109.99,50.72,918.6143,0.0092,884.8,892.3,0.75481607765455
FRB20190502C,155.6,0.15,82.97,0.04,127.98,32.63,396.835,0.0088,349.4,355.2,0.5157946776169701
FRB20190515A,310.15,0.19,55.46,0.18,92.32,8.29,450.503,0.069,293.1,225.9,0.5334248655292384
FRB20190515B,0.83,0.17,3.41,0.25,100.26,-57.33,822.1887,0.006,789.7,798.4,0.5344464767124212
FRB20190515C,31.72,0.25,20.08,0.3,146.06,-39.38,652.39,0.17,609.3,617.9,0.29037949902663696
FRB20190515D,67.13,0.21,-5.01,0.34,199.88,-33.89,426.0611,0.0054,378.3,367.0,0.5561468774263638
FRB20190516B,167.34,0.21,7.37,0.27,247.46,58.76,1235.416,0.048,1202.1,1212.2,0.5628263113809787
FRB20190517D,339.95,0.22,41.84,0.23,98.2,-14.62,1180.148,0.058,1086.8,1097.3,0.3584658952555533
FRB20190517B,65.54,0.19,73.63,0.27,136.46,16.58,191.72,0.26,103.9,83.4,0.16062221157645548
FRB20190517C,87.5,0.19,26.62,0.2,182.48,-0.37,335.5746,0.0043,147.6,43.1,0.44881876645099583
FRB20190518B,175.11,0.21,20.28,0.24,232.01,72.39,913.7722,0.0039,887.7,893.6,0.3316422840103455
FRB20190518C,242.01,0.071,4.64,0.21,16.3,38.1,444.0795,0.0035,402.4,408.2,0.518866350947955
FRB20190518D,174.72,0.33,89.31,0.24,123.17,27.78,202.4551,0.0057,148.5,151.8,0.25513720266305984
FRB20190518A,29.5031258,6.0e-7,65.7167542,6.0e-7,129.71,3.73,349.607,0.05,150.7,24.8,0.2075352281303144
FRB20190518E,29.5031258,6.0e-7,65.7167542,6.0e-7,129.68,3.72,350.1451,0.0072,151.1,25.1,0.7527376603504987
FRB20190518G,94.79,0.2,75.52,0.14,138.68,24.22,524.9464,0.0043,461.9,460.2,0.07671823218528916
FRB20190519D,164.57,0.18,42.99,0.031,170.84,62.15,539.771,0.011,509.3,521.1,0.3763184121182287
FRB20190519E,168.28,0.2,41.65,0.2,170.75,65.2,693.8297,0.0011,666.3,677.3,0.34610013169531745
FRB20190519F,165.63,0.2,77.23,0.22,130.34,38.29,797.766,0.023,755.7,763.2,0.4541050698254525
FRB20190519G,306.68,0.1,72.34,0.17,105.86,18.99,430.094,0.022,356.6,350.9,0.8168263181555726
FRB20190519H,342.99,0.18,87.37,0.055,121.49,24.84,1170.8729,0.003,1111.5,1112.4,0.08954657510215545
FRB20190519A,29.5031258,6.0e-7,65.7167542,6.0e-7,129.71,3.73,348.7128,0.0042,149.8,23.9,0.4028750198687578
FRB20190519B,29.5031258,6.0e-7,65.7167542,6.0e-7,129.71,3.73,349.28,0.038,150.3,24.4,0.33658379217724155
FRB20190519C,29.5031258,6.0e-7,65.7167542,6.0e-7,129.71,3.73,349.064,0.019,150.1,24.2,0.09220273998708545
FRB20190519J,296.21,0.085,86.93,0.3,119.6,26.38,642.759,0.044,586.7,589.1,0.40949666309104327
FRB20190520A,273.52,0.026,26.32,0.094,53.3,19.37,432.5063,0.0057,352.8,367.3,0.06369805902639633
FRB20190527A,12.45,0.2,7.99,0.067,122.23,-54.88,584.58,0.16,550.9,559.9,0.6466402919565761
FRB20190527B,73.92,0.14,63.22,0.073,146.73,12.3,449.819,0.067,337.4,297.9,0.29135345916061844
FRB20190527C,100.22,0.13,57.0,0.038,158.61,21.11,535.4368,0.0019,461.6,451.3,0.6542964597593486
FRB20190529A,68.06,0.22,40.32,0.23,161.89,-5.29,704.45,0.081,539.0,482.8,0.3413535138924963
FRB20190530A,68.74,0.025,60.59,0.2,147.22,8.75,555.445,0.024,416.2,353.1,0.40687254824890556
FRB20190531A,203.96,0.071,81.72,0.24,120.99,35.24,324.6981,0.0062,280.7,287.2,0.16134111724993824
FRB20190531B,259.91,0.006,49.32,0.13,75.9,34.89,167.9597,0.001,124.9,132.6,0.29859383105679366
FRB20190531C,331.14,0.24,43.0,0.24,93.31,-10.07,478.202,0.034,345.8,359.4,0.2651093582868404
FRB20190531E,15.2,0.26,0.54,0.37,127.96,-62.24,328.2034,0.0025,296.2,305.6,0.647507336997814
FRB20190601A,190.11,0.21,62.72,0.21,125.09,54.36,2227.891,0.012,2194.9,2203.1,0.4348055259871414
FRB20190601B,17.88,0.17,23.82,0.036,128.83,-38.82,787.795,0.087,745.9,754.7,0.2827666211422575
FRB20190601D,85.86,0.23,79.35,0.26,134.05,23.58,668.47,0.1,604.6,602.3,0.30822820430350284
FRB20190601C,88.52,0.18,28.47,0.057,181.35,1.35,424.0656,0.0061,237.7,137.3,0.472232222336722
FRB20190603B,48.87,0.22,74.28,0.41,132.39,14.12,504.317,0.022,404.0,372.3,0.7911132201323237
FRB20190603A,29.5031258,6.0e-7,65.7167542,6.0e-7,129.71,3.73,349.581,0.014,150.6,24.7,0.3639265798676097
FRB20190604D,199.93,0.2,15.73,0.24,334.31,76.85,1021.169,0.01,996.4,1000.8,0.465759085324736
FRB20190604A,218.78,0.16,53.28,0.17,93.76,57.58,552.485,0.024,520.9,528.7,0.4230607393949787
FRB20190604E,235.59,0.21,32.06,0.21,51.08,52.76,1218.5965,0.0077,1192.6,1193.4,0.3311019242112787
FRB20190604F,29.5031258,6.0e-7,65.7167542,6.0e-7,129.71,3.73,348.7248,0.0038,149.8,23.9,0.35854119002609325
FRB20190604C,77.39,0.16,49.3,0.15,159.19,5.52,515.636,0.045,351.7,270.9,0.335788426247865
FRB20190604G,120.81,0.023,59.5,0.15,157.7,32.15,233.0453,0.0097,181.6,186.5,0.2462761689655586
FRB20190605C,168.32,0.048,-5.19,0.093,262.97,49.91,187.6421,0.0023,149.8,160.7,0.25368326576596906
FRB20190605D,26.72,0.23,28.62,0.25,137.4,-32.69,1656.5332,0.0055,1607.7,1615.9,0.23757126082562194
FRB20190605A,29.5031258,6.0e-7,65.7167542,6.0e-7,129.71,3.73,349.816,0.018,150.9,25.0,0.41774209932718787
FRB20190605B,29.5031258,6.0e-7,65.7167542,6.0e-7,129.71,3.73,348.711,0.014,149.8,23.9,0.21195795645626866
FRB20190606A,218.78,0.16,53.28,0.17,93.76,57.58,552.592,0.057,521.0,528.8,0.6805762524639127
FRB20190606B,108.79,0.18,86.85,0.19,126.46,27.41,277.486,0.017,222.4,225.2,0.33476890002045256
FRB20190607A,26.23,0.04,23.66,0.06,138.44,-37.6,562.4528,0.0038,518.5,527.4,0.37762974451532344
FRB20190607B,42.02,0.18,49.62,0.19,141.57,-8.98,289.376,0.0048,151.1,127.6,0.13456277623907154
FRB20190608A,359.23,0.22,19.17,0.24,105.55,-41.85,722.1756,0.0035,683.8,691.7,0.4021509076692567
FRB20190609A,345.3,0.28,87.94,0.33,121.88,25.3,316.6434,0.0023,258.2,259.5,0.389206835367357
FRB20190609B,210.49,0.15,88.35,0.067,122.36,28.7,292.1875,0.001,239.9,243.9,0.5601423456085142
FRB20190609C,73.17,0.23,24.06,0.25,177.28,-12.51,480.282,0.096,367.6,328.0,0.23486608537643822
FRB20190609D,115.94,0.041,51.69,0.18,166.52,28.86,511.714,0.043,454.2,454.3,0.11396186758014376
FRB20190611A,65.54,0.19,73.63,0.27,136.46,16.58,190.449,0.013,102.6,82.1,0.3724994588665514
FRB20190612A,148.16,0.2,70.42,0.21,140.83,39.91,432.291,0.049,390.6,398.9,0.2714303059784892
FRB20190612B,222.21,0.22,4.31,0.12,358.95,53.88,187.5997,0.004,159.9,161.8,0.8235163940467923
FRB20190612C,79.12,0.031,61.01,0.13,150.02,13.01,1641.5697,0.0045,1533.8,1498.3,0.5598610263124962
FRB20190613A,257.4,0.19,18.85,0.22,39.74,30.62,714.977,0.043,661.5,672.6,0.557097682554229
FRB20190613B,65.75,0.046,42.67,0.14,158.98,-4.92,285.1379,0.0014,116.3,60.3,0.33142072056803273
FRB20190614A,179.79,0.091,88.33,0.24,123.36,28.75,1064.039,0.029,1011.7,1015.7,0.7903101720682557
FRB20190614B,332.86,0.033,24.69,0.05,82.65,-25.4,581.9146,0.0013,527.0,535.0,0.34361893207712374
FRB20190614C,356.5,0.23,35.91,0.23,108.34,-25.1,589.163,0.049,531.7,540.2,0.27051052438357653
FRB20190616A,234.03,0.21,34.48,0.22,55.08,54.13,212.5867,0.0066,187.1,187.9,0.19953752984417011
FRB20190617A,178.6,0.2,83.87,0.095,124.73,33.06,195.7693,0.0018,149.1,155.1,0.11507689986629045
FRB20190617B,56.43,0.02,1.16,0.27,186.12,-39.45,273.51,0.14,229.7,225.0,0.511401421527441
FRB20190617C,134.37,0.21,35.7,0.21,187.73,40.08,640.156,0.023,594.8,602.9,0.11507481617149007
FRB20190618A,321.25,0.17,25.44,0.075,74.96,-17.65,228.9469,0.0032,151.7,164.8,0.4749884216058039
FRB20190619A,165.18,0.22,68.37,0.23,137.1,45.59,899.9116,0.0063,862.3,871.1,0.09947633734393398
FRB20190619B,231.74,0.2,82.15,0.23,117.06,33.12,270.5868,0.0048,224.7,230.6,0.2223847123853644
FRB20190619C,38.29,0.25,36.33,0.22,144.87,-22.17,488.2712,0.003,419.0,420.4,0.33771158318348193
FRB20190619D,114.79,0.21,41.59,0.21,177.52,26.12,378.466,0.025,314.5,308.3,0.9068032677251032
FRB20190621A,188.22,0.28,74.19,0.31,124.66,42.88,197.32,0.42,159.1,166.7,0.48546592564106317
FRB20190621B,193.14,0.23,55.64,0.23,122.6,61.49,1061.234,0.029,1030.5,1038.7,0.17711312137746354
FRB20190621C,206.57,0.21,5.23,0.29,336.18,64.5,570.2672,0.0041,544.6,547.8,0.71872518292555
FRB20190621D,270.63,0.016,78.89,0.17,110.51,28.93,647.514,0.02,596.8,601.4,0.23616708067081188
FRB20190622A,298.98,0.24,85.81,0.3,118.46,25.89,1122.818,0.021,1066.0,1068.1,0.20378102759435768
FRB20190623A,270.48,0.23,24.52,0.26,50.44,21.27,1082.201,0.031,1008.0,1022.5,0.3160275589983628
FRB20190623B,335.22,0.18,46.12,0.18,97.54,-9.2,1556.765,0.0055,1413.0,1422.0,0.49712297652945014
FRB20190623C,192.31,0.24,86.03,0.31,122.98,31.1,1049.826,0.004,1001.0,1006.2,0.1734616420365555
FRB20190624A,168.32,0.2,69.78,0.051,134.65,45.05,973.847,0.033,936.0,944.7,0.5753332459921408
FRB20190624B,304.65,0.068,73.61,0.2,106.73,20.13,213.9222,0.002,144.2,141.2,0.43276818990414384
FRB20190625A,227.91,0.11,32.88,0.19,52.31,59.25,302.14,0.1,279.0,278.8,0.43905277581335256
FRB20190625E,65.54,0.19,73.63,0.27,136.46,16.58,188.533,0.058,100.7,80.2,0.2999755393741565
FRB20190625C,73.2,0.21,11.1,0.051,188.2,-20.14,442.2388,0.0043,366.1,337.3,0.2805808346678323
FRB20190625D,115.02,0.013,4.87,0.033,214.12,13.03,717.8831,0.0028,616.5,587.1,0.1066665159889581
FRB20190626A,65.54,0.19,73.63,0.27,136.46,16.58,192.49,0.58,101.5,80.7,0.2465779440536091
FRB20190627A,195.89,0.24,0.75,0.37,309.73,63.46,404.2213,0.0077,373.9,381.7,0.24893912550086708
FRB20190627B,256.4,0.14,40.79,0.13,65.18,36.74,430.3224,0.0016,388.3,396.7,0.1680374965108395
FRB20190627C,267.88,0.078,71.58,0.16,102.22,30.35,968.6127,0.0027,920.6,925.8,0.25764704844202185
FRB20190627D,295.33,0.22,43.84,0.22,77.24,10.21,2002.242,0.015,1870.2,1861.3,0.1564802170986597
FRB20190628A,199.06,0.22,51.75,0.22,113.85,64.94,745.843,0.011,716.0,724.0,0.21184307191812007
FRB20190628B,248.48,0.2,80.14,0.088,113.3,32.36,408.009,0.016,361.5,367.2,0.2914894399003613
FRB20190628C,11.52,0.22,48.59,0.075,122.02,-14.27,1748.44,0.18,1649.6,1647.2,0.2543472646091774
FRB20190629A,6.34,0.25,12.67,0.26,113.07,-49.7,503.779,0.038,468.7,477.2,0.5941905423595978
FRB20190630B,328.21,0.15,43.01,0.14,91.6,-8.74,652.145,0.015,501.6,517.2,0.3028846074596947
FRB20190630A,331.71,0.15,17.37,0.26,76.31,-30.23,392.438,0.026,344.3,352.4,0.4283436318008644
FRB20190630C,68.38,0.22,80.95,0.092,130.96,21.78,1660.347,0.018,1592.3,1586.9,0.12185812901640694
FRB20190630D,143.36,0.2,8.9,0.25,224.58,39.91,323.5174,0.0041,279.8,287.3,0.4720033988001685
FRB20190701A,277.47,0.21,59.04,0.22,88.29,25.72,637.0934,0.0036,582.8,587.8,0.7627275691171523
FRB20190701B,302.93,0.22,80.18,0.24,112.88,23.4,749.114,0.011,687.6,688.1,0.6583059713781056
FRB20190701C,96.36,0.23,81.63,0.27,132.18,25.88,974.195,0.029,915.8,916.6,0.24812398296107424
FRB20190701D,112.1,0.18,66.7,0.16,149.28,28.38,933.3629,0.0097,877.4,879.4,0.19654804324149402
FRB20190701E,138.57,0.19,61.71,0.036,153.27,40.37,890.4771,0.0081,848.1,857.0,0.3657833908720136
